{"minzoom":0,"maxzoom":9,"center":[80.507812,7.36233,9.0],"bounds":[79.519148,5.919079,81.877154,9.834897]}