{"minzoom":0,"maxzoom":8,"center":[80.859375,7.710418,8.0],"bounds":[79.519148,5.919079,81.877154,9.834897]}